{"_timestamp":1.7453268933608747e+09,"_step":28,"val/loss":1.613899827003479,"lr":0.0001,"train/loss":0.7251148223876953,"_runtime":427.450666642,"iter":7000,"mfu":8.624538009414637,"_wandb":{"runtime":428}}